module	addr	residue	metric
009	02188e70	UNDERGEN	4
017	02198e30	LOOP-SHAPE	19
023	021fa2f4	OPERAND	32
024	021fdf04	OVERGEN	12
025	021ee488	UNDERGEN	72
031	02200160	SCHED	9
031	02205b48	UNDERGEN	4
031	02206264	UNDERGEN	4
031	022192c0	UNDERGEN	4
031	0221c5ac	UNDERGEN	136
031	02221f78	SHAPE	997
031	02226e08	SHAPE	100
031	02232678	UNDERGEN	4
031	0224185c	UNDERGEN	172
main	02000954	UNDERGEN	24
main	02002cb4	UNDERGEN	436
main	020042a8	UNDERGEN	32
main	020055e4	UNDERGEN	996
main	02005ea0	UNDERGEN	116
main	0200ae40	OVERGEN	16
main	0200af90	OVERGEN	12
main	0200b0f0	OVERGEN	168
main	0200c5fc	OVERGEN	8
main	0200cedc	UNDERGEN	8
main	0200cf24	UNDERGEN	28
main	0200d8a8	UNDERGEN	12
main	0200df80	UNDERGEN	64
main	0200f2ec	UNDERGEN	44
main	0200f3a4	SHAPE	366
main	02015ae4	LOOP-SHAPE	131
main	0201647c	UNDERGEN	1012
main	02019728	LOOP-SHAPE	1039
main	0201d044	SHAPE	22
main	0201edf0	SCHED	42
main	02020c18	SCHED	8
main	020236dc	UNDERGEN	956
main	02025f28	LOOP-SHAPE	503
main	02029988	UNDERGEN	68
main	0202c04c	SHAPE	22
main	02038138	UNDERGEN	964
main	02038598	LOOP-SHAPE	1331
main	0203e8f8	SHAPE	485
main	020439b0	LOOP-SHAPE	140
main	0204483c	REGPERM	11
main	02048e2c	OPERAND	16
main	0204b620	UNDERGEN	336
main	0204e038	SHAPE	193
main	0204f41c	UNDERGEN	968
main	02055f5c	SHAPE	347
main	02058d40	SHAPE	1166
main	0205c96c	OPERAND	38
main	0205ec70	OVERGEN	332
main	02066cf0	LOOP-SHAPE	1339
main	02069234	LOOP-SHAPE	519
main	02069fec	SCHED	63
main	0206e424	UNDERGEN	32
main	020733d8	LOOP-SHAPE	1147
main	02076080	OPERAND	36
main	02076738	SCHED	19
main	02081f20	SHAPE	23
main	020830cc	UNDERGEN	972
main	0208e0c4	SCHED	45
main	02093b90	UNDERGEN	980
main	0209a104	SHAPE	27
main	0209a218	SHAPE	5
main	020a1180	SHAPE	34
main	020a6aac	SHAPE	868
main	020a9eb8	UNDERGEN	240
main	020b1b54	UNDERGEN	4
main	020b25c4	LOOP-SHAPE	47
main	020c04e8	SHAPE	421
main	020c197c	UNDERGEN	30
main	020c199c	UNDERGEN	26
main	020c223c	OVERGEN	16
main	020c6a54	UNDERGEN	8
main	020c6d7c	SHAPE	20
main	020c7f44	SCHED	13
main	020cd99c	UNDERGEN	20
main	020cddec	SHAPE	253
main	020cf864	SHAPE	4
main	020d3160	UNDERGEN	48
main	020d39dc	SHAPE	59
main	020def98	UNDERGEN	984
main	020e1780	LOOP-SHAPE	281
